,A,B,C,D
2000-01-01,0.5535230822421238,-1.8188893970805773,-0.3124434855889187,0.1546673271616046
2000-01-02,0.7515592850254872,-2.9471473251590172,-0.3059369202942737,-0.4629256192257297
2000-01-03,1.6523187730931468,-3.258032398413038,-0.05219417158852807,-0.7458991509318786
2000-01-04,4.081190647587218,-4.236500657590357,-0.352077240551045,-0.3519865502602562
2000-01-05,4.631030935360071,-2.71888549550433,-0.6774299363533978,-1.208536202349309
2000-01-06,5.08327633439256,-4.048782379691612,-0.7826418077717363,-1.3013711994249533
2000-01-07,5.012862562008204,-2.7660025618263715,-0.03169417494450988,-1.2711460191925155
2000-01-08,4.2565100170415855,-2.0792132625330773,1.0610651890109593,-1.0328289630529912
2000-01-09,4.5620859523479025,-0.9672703953471298,0.32575641227595287,-1.2638660523812164
2000-01-10,4.211041323407739,-1.6505296407599666,-0.6432104674790735,-0.12210043824254324
2000-01-11,3.3108728191734826,-3.207477303989314,-1.2380167764920653,0.12853178686755817
2000-01-12,4.45670658833845,-4.41618606034329,-1.252554249810734,0.33594514474515413
2000-01-13,5.541998600757648,-4.099568023731062,1.2599424727020374,-0.19177447778462187
2000-01-14,5.898567216832257,-3.704236349090859,1.596500788858734,0.010221450645571395
2000-01-15,5.879597578813858,-3.082959146517507,0.6877711579343121,-0.07514655406051107
2000-01-16,4.373035050461574,-4.037805753640154,-0.56583203964577,0.8897011719913426
2000-01-17,4.512825130082119,-3.8992391777053528,-1.3236251199726734,2.633541666018316
2000-01-18,4.4430169355988385,-3.84143983985226,-3.1995740053010504,1.6591978155513316
2000-01-19,5.627489274522622,-4.602986524572055,-2.0945285538389307,-0.7143324127838935
2000-01-20,6.005579656675659,-4.665182449904115,-1.2867845647327596,0.3928450600795934
2000-01-21,5.092971160376352,-3.741153982860728,-1.8359269639034568,0.4283589245716823
2000-01-22,4.634856773838022,-2.4984775198484543,-2.8197094860495415,0.88573014459313
2000-01-23,5.804641078650413,-2.2428490456301358,-2.1650775722411586,0.8449123860446935
2000-01-24,5.380727853631868,-3.068054453335349,-2.1651788036213038,0.49928422380933196
2000-01-25,4.980392110700081,-3.535228250858591,-0.38201518562945735,-0.650684255984419
2000-01-26,5.6080375700315965,-4.429037442395799,0.32759708551801536,-0.6677640160535735
2000-01-27,3.6092858630280755,-5.680716392114855,1.4167491525632903,-0.8039046088266841
2000-01-28,5.20034867901614,-5.6925401842482035,2.1796800448092055,-0.4202597228530297
2000-01-29,4.900434705065182,-6.835865881940604,3.002128231635081,0.19460513006901892
2000-01-30,5.27468782948779,-8.756727591187207,2.0146796698070686,-0.7857628015859291
2000-01-31,7.0160939268104485,-10.20019784828105,0.5680667836181377,-0.37632618326738004
2000-02-01,7.668977921229667,-8.533337404807213,1.061486649776082,-0.7749241458084655
2000-02-02,8.164503131248235,-8.201381354713089,1.7597957208768478,0.24290129214910583
2000-02-03,8.158923416607319,-5.203348211099717,1.3743230708893452,0.6943367840907193
2000-02-04,9.008384750120992,-5.574410214529079,1.6272489357145683,-0.5254410412211901
2000-02-05,8.927781047565848,-3.625328577716359,3.4701270326547125,-1.1015469460020457
2000-02-06,7.089825865560188,-4.362738945637198,2.6908757316932808,-0.0015925602404898154
2000-02-07,8.039546821194502,-2.865704419991582,3.230829277946568,0.31223372387300985
2000-02-08,8.181662067952994,-3.8183158667810266,5.179913412430331,-0.944196385512195
2000-02-09,7.406777491361088,-3.6127419141477497,4.84122241144048,-0.9752787799581508
2000-02-10,6.403757942399488,-4.107784080880619,4.160675521571408,-0.02346231771559415
2000-02-11,9.24445003879202,-1.8165616403656917,3.884590307954668,-0.7050034428128452
2000-02-12,7.3048350347673425,-2.3078572096238386,5.465806911302972,0.023617128033396884
2000-02-13,9.222281498747122,-4.227976841769101,4.831452276057615,-3.9437843578706206
2000-02-14,6.664111659021822,-4.704690633561437,4.093380317995529,-4.063681620593731
2000-02-15,7.890666340863344,-2.330052535917688,3.444465555670873,-3.865893235180783
2000-02-16,8.484533272472781,-2.5110746893969123,3.142414755852178,-4.4735743751595995
2000-02-17,7.62257636251946,-2.799389880792613,3.778917611000887,-5.583631646233429
2000-02-18,7.906286606262774,-3.067000645559724,6.004433607527977,-6.027055576879543
2000-02-19,7.608775490675639,-3.2685078187291996,5.678210399658437,-5.554229792990896
2000-02-20,7.307654646905402,-6.368496469414224,6.48463946070002,-3.712508458932972
2000-02-21,6.5443770379143436,-4.711042019215575,5.434319424362206,-3.6751209626405457
2000-02-22,5.035958402150459,-4.104894813118714,5.566248315726586,-3.284992346185135
2000-02-23,6.388180875745394,-3.495751638604812,5.110141148739757,-1.6047156369037983
2000-02-24,7.048009547445405,-2.6135585746115138,3.3678996701018145,-4.073634209208281
2000-02-25,6.581186396471013,-3.5999602422103774,3.5583306544091102,-4.098843254431903
2000-02-26,5.713090339819537,-2.646926201607079,1.1961107027372795,-3.2351740854614426
2000-02-27,5.574742926090499,-1.3721357870136286,1.2490930063213246,-3.854669869969148
2000-02-28,5.358135494964071,-0.22546676864026294,1.2428091783185973,-4.043135384796584
2000-02-29,6.9341154908750005,-0.7119573420350273,0.029608079516698638,-4.588577082201207
2000-03-01,7.372104530540112,-0.4805931732399982,-0.8098928408819694,-4.650585834917352
2000-03-02,7.536989055496519,-2.376006051973089,-2.1195280715195386,-4.572474854451089
2000-03-03,7.7541124009828595,-3.020918516263975,-3.1464326124215782,-3.6387965383257224
2000-03-04,7.5571727931141925,-3.0927255245306537,-4.191226382514657,-2.451770948744595
2000-03-05,8.270787032320937,-3.6708393996885915,-2.516356937565212,-0.9771584729291962
2000-03-06,9.420005541596854,-3.910301592166048,-2.1616231259720924,-0.44775938021913864
2000-03-07,10.753832932906308,-4.72156352178089,-1.9622575169090446,-0.09702625923968317
2000-03-08,9.297550672657694,-3.4054466527066234,-2.5311344529005266,0.6850870850934434
2000-03-09,9.647795562283953,-4.159804816656884,-1.1189442433617018,1.313423770405373
2000-03-10,9.41522106773256,-4.583896235902472,0.28996721891776667,1.7247425562947094
2000-03-11,10.857302270752696,-4.039166698997753,-1.3964071628985004,2.7832491270209427
2000-03-12,10.650822585608568,-4.922808396243037,-2.868094937609217,1.9326826073817778
2000-03-13,9.869840873603465,-5.3646266868392765,-3.172425435234418,-0.5085377745982205
2000-03-14,10.125002176031387,-5.078029334100958,-4.828542138973625,-1.3557420479551343
2000-03-15,9.857541678991904,-5.392266732503913,-2.6554608915309688,1.1185753680519124
2000-03-16,10.799573240090012,-5.863418308610217,-1.5174707151149902,1.5623489675990179
2000-03-17,10.946054554611656,-4.904500737124692,-0.8554209648511811,1.1498199376189644
2000-03-18,10.505232629715325,-4.608462469232512,-0.9879558618844636,-0.6150253668104508
2000-03-19,10.18484039638178,-5.556146880482345,-0.7304952899294669,-0.28275021439964665
2000-03-20,8.682831904189316,-4.246296230636896,1.1977270125980493,-0.9617069502832042
2000-03-21,8.213406784765217,-3.334905538203137,1.8259391707974963,-0.37868644848163757
2000-03-22,8.069136694990407,-2.45392639934006,1.1644786375705114,0.9361639280881763
2000-03-23,9.058988386741358,-4.017954638341333,2.5851397310972937,-0.628013251032905
2000-03-24,9.695115763023608,-5.059019076962542,2.057237682335473,0.078813275810666
2000-03-25,10.040167600387454,-4.131907941456564,1.827042133739021,-2.2362165247016383
2000-03-26,11.10864326723815,-3.4582827230565236,3.3340243857945535,-2.228522984795853
2000-03-27,12.257690989420981,-1.8354084518850515,3.014647989224389,-1.692672646064573
2000-03-28,12.49948173597239,-2.6909897119442325,4.0189322691354326,-0.7483579916933336
2000-03-29,14.575308432474563,-2.064855690773734,4.123859714732944,-1.6223418176095188
2000-03-30,12.447679175264755,-2.9193536139124365,4.721949059154072,-1.3033435697357723
2000-03-31,13.203173525836803,-2.2413145585841283,1.5030957724275735,-2.0100878265389324
2000-04-01,11.162964656933436,-2.4772928054401273,1.1853370011884323,-4.149269537693357
2000-04-02,12.287275760439814,-2.1750775111262106,2.4930758081840727,-4.664346065111181
2000-04-03,12.14145905098001,-1.968503873294861,1.1188831447703422,-4.276101746578461
2000-04-04,11.909793188512378,-1.0912708314683681,1.3072123108684581,-5.665546288128986
2000-04-05,10.833046517116303,-0.6522830783852295,3.386272075083716,-4.52416283332177
2000-04-06,10.71396339351955,0.059398598350378085,1.9357496622216686,-5.142828151876577
2000-04-07,12.117234306611063,0.838561345250455,1.0820731610344472,-6.479756882015012
2000-04-08,12.121629219310035,2.4734818318501093,0.9900037003324567,-6.208442547627767
2000-04-09,10.67687118085561,1.9906806100350654,2.0658304822012696,-5.869156985401954
2000-04-10,11.568350525784902,2.3473113292404117,1.4426321602334196,-4.665449698798408
2000-04-11,11.323801781979776,2.2146587045288615,1.8677380669166337,-3.58705742731993
2000-04-12,11.736607963157761,3.561371986050956,2.1751152405138092,-4.085317287838541
2000-04-13,12.803701675493677,2.255807101842856,2.067373848232396,-5.601724762948783
2000-04-14,11.898862284627597,0.5719806237684042,1.2793861748939845,-4.860301350835291
2000-04-15,11.57157357270688,-1.202910076294805,-0.4464853357867835,-5.89282679618126
2000-04-16,12.69783837627651,-1.3580777410078066,0.7459700202133432,-7.067591466256697
2000-04-17,12.24125304146106,0.13303762733837798,0.826371568267972,-7.505167293710239
2000-04-18,11.527884210854154,0.9538862277810617,-0.011446872579265022,-8.774992875822042
2000-04-19,12.679104840875702,1.2033240115299755,0.37896699949964086,-9.228006938421574
2000-04-20,12.734880124126251,1.6142985026431516,0.4789391963099982,-10.258694975292224
2000-04-21,13.9342643466596,2.1982147267701535,1.1907603782036773,-11.395492790782955
2000-04-22,13.619287607469415,1.9608690995089586,0.9207289899349282,-12.306448347456826
2000-04-23,15.124455893172996,1.600660291747533,0.12643493774424164,-12.757299581666352
2000-04-24,15.219575408059924,2.9866147098456977,0.33776482027315213,-12.907544884192282
2000-04-25,14.508734886596509,3.4186264019275865,2.086785206506736,-13.304083622698512
2000-04-26,15.948229334242207,3.9491579078936767,1.2061295749722074,-13.072140773239528
2000-04-27,16.603657798888875,2.846046701406025,0.032812439822866635,-10.484157428463213
2000-04-28,16.42173789875757,1.7958063032153455,-1.3252609581826387,-9.380474975919673
2000-04-29,18.65548862170798,2.379760871162005,-0.1339855625592139,-9.31683500439992
2000-04-30,18.4419368436123,2.6972669377974046,-1.098527415003539,-8.941442451165765
2000-05-01,17.7252443487882,4.0671488690616755,-2.6878617537350236,-7.5038299978957275
2000-05-02,16.63488060714014,1.8366485578043674,-3.5500572060819513,-8.142187680604907
2000-05-03,16.03780110497396,0.6373226382986197,-2.9831693507677546,-8.079157807813015
2000-05-04,16.413548436761232,0.1404140403133866,-1.7927460760645424,-10.554711718463638
2000-05-05,16.91367967388213,-1.6781419789702035,-2.062094453916,-10.046985943113192
2000-05-06,17.45710649022555,-2.633086732963284,-1.975636190093255,-11.50464620899695
2000-05-07,18.39157280150356,-1.028823666891214,-2.0099074088025675,-12.066361118241595
2000-05-08,18.016495232337515,-1.0624126459053047,-1.661607870221542,-10.819332247938355
2000-05-09,16.89154238209629,-1.603260865847516,-1.6104893904503628,-12.127739462780456
2000-05-10,18.512716754362675,-2.6268524512130025,-2.8649487827900484,-12.659468823602698
2000-05-11,18.87908405200075,-3.164847110415364,-2.5055345812251995,-11.85708585601011
2000-05-12,18.4722091299566,-3.397055148195285,-3.0061375646535184,-12.907154644436385
2000-05-13,18.404432532369658,-2.3757570762721985,-4.482329375488634,-12.114046900641757
2000-05-14,18.17085012855831,-0.268114019643257,-4.172117201723047,-12.175760165112022
2000-05-15,19.105781432906067,-1.2217434698354173,-4.234750696451614,-14.213037813751475
2000-05-16,20.95959121176228,-2.2857539963108877,-4.995576839029439,-13.670237042145123
2000-05-17,21.362485001673775,-2.123611835806285,-6.134840927104217,-15.188895397143082
2000-05-18,21.281166869445663,-1.3495218697485711,-6.300369207061849,-14.819861622335837
2000-05-19,22.01880252240893,-3.158576605249799,-6.338966811387498,-16.017475129835034
2000-05-20,24.165109640573473,-3.2141653216474366,-6.037184409906628,-16.816430889024005
2000-05-21,23.780985465284765,-4.545352726150337,-5.809982970886756,-17.24475707825994
2000-05-22,23.71947610218131,-3.7629797081947514,-5.095796325415893,-16.194535828608313
2000-05-23,23.99795700568108,-2.3426611093162775,-5.733878398199691,-15.499961095218712
2000-05-24,24.335743465592053,-2.775475520967533,-5.385644237668886,-15.931335874269186
2000-05-25,23.47345634754054,-3.430647401898696,-5.536846103172293,-15.522578596217773
2000-05-26,22.5066692055754,-1.742670550371489,-5.846599428790432,-15.319744396284182
2000-05-27,22.72326905229118,-1.488042236578411,-4.156021195765408,-13.759623486541397
2000-05-28,22.913561076840548,-1.2083918377063563,-3.5912035523002386,-13.22446618689164
2000-05-29,23.88338728449571,-1.2883291275162365,-3.7723957141190385,-12.61048833778188
2000-05-30,23.020774699235876,-1.2474247998841559,-2.061703880521466,-14.259662256481487
2000-05-31,22.38188472952082,-0.2074639043261024,-2.2877652357946143,-13.240590422116275
2000-06-01,21.494252663674974,0.7360889943661507,-2.647467979567451,-11.583497637600981
2000-06-02,20.62860130464407,2.408184128881557,-0.026631992979639474,-10.370868982427965
2000-06-03,20.043929067965852,2.89878505604072,-0.09689876485917281,-11.365323799447252
2000-06-04,19.98492667394178,4.0092841367235765,-0.15854443127447485,-10.800780065672935
2000-06-05,19.65099507204678,3.0703772376329663,-0.6180456174614045,-9.468479139831947
2000-06-06,18.908224309889317,3.5272436944456516,-0.412042639102717,-10.64942763440241
2000-06-07,19.206440176938365,1.4521020757352954,-0.1753389525513172,-10.253632432563673
2000-06-08,19.47954100609353,0.0038867394584685133,-0.48001641107029974,-10.426853655669351
2000-06-09,19.664407770292943,-0.5470639084365315,0.25431403055090956,-10.340555124874
2000-06-10,19.022014006120983,-1.7227117337783073,0.3115410055193546,-12.149763655884827
2000-06-11,19.397939653320623,-1.6936134172693464,-0.43285014139567224,-11.784751894478338
2000-06-12,19.29594513461881,-0.5166865077641738,-0.35956976250221395,-11.991364802836186
2000-06-13,18.356214991551948,-0.7243859595474772,-0.02890902048493671,-13.431899018432425
2000-06-14,17.536902452849333,-0.17750157013826706,-0.08404364640081823,-14.204002802769107
2000-06-15,15.490018751283595,0.4525832062752104,0.7416769116560749,-15.42191127021588
2000-06-16,15.514253181452782,0.8646891505074963,0.44516314434491233,-14.675992661830481
2000-06-17,16.11683722299917,0.5179606172032332,0.6203268236429414,-14.926569765708587
2000-06-18,16.219610684706076,2.7529568196229945,0.6501137073927026,-14.956334795195874
2000-06-19,17.84820676869983,1.5362324584644456,0.5370213658954726,-14.440437560843852
2000-06-20,18.021832926498067,3.2251917167792827,-0.1719771279014507,-16.136911095457002
2000-06-21,17.396636160860435,3.9840262389927266,-1.292337022322938,-16.472535147131783
2000-06-22,17.437140237638204,5.0668367065004,-1.5891944348520988,-17.059681088797088
2000-06-23,17.458923736245705,4.90551888219911,-1.2132008646185823,-18.136328188131262
2000-06-24,17.012508147848937,5.378109730810868,-0.08181027787527961,-17.573002245405426
2000-06-25,16.246629574933827,6.125483550803186,-0.961986040256723,-15.093878223863662
2000-06-26,17.514014136283407,6.830339529414452,-1.1781377095058194,-16.546703266010354
2000-06-27,15.687983379887195,7.788626695336518,-1.005196105954826,-16.413892101029166
2000-06-28,16.26477830448579,7.644847820352622,-2.7799294396514593,-16.972193457274955
2000-06-29,17.38801059593671,7.853398367941658,-2.162201895905566,-18.70124826699582
2000-06-30,18.782494041358003,7.645386279771173,-2.8717838430222096,-16.78938048471134
2000-07-01,19.75718430360806,6.205923638068425,-4.613215718423515,-16.34708637575109
2000-07-02,20.326901696005663,5.41761414961236,-6.077796405569261,-15.75742583385811
2000-07-03,18.711809728292682,5.951900090203914,-6.376814802548148,-15.626154716661087
2000-07-04,17.703588663336745,4.758110536079467,-7.191271640919735,-14.361981431655519
2000-07-05,17.97182806041476,6.752746976862396,-7.334904292678217,-14.001987704623717
2000-07-06,18.731887710397256,7.6446287332224685,-6.453704396836667,-13.720243857745372
2000-07-07,16.97883090281896,9.263786334513348,-6.5021649481271035,-11.622067889503658
2000-07-08,16.551107542220407,10.272288918485435,-7.590116118193535,-12.415904220707837
2000-07-09,18.77985888274891,11.475824602594082,-6.743041619785923,-12.723735344983636
2000-07-10,18.81397824096029,10.795656705799638,-9.015925243775552,-14.502661441209643
2000-07-11,18.964061967416,10.852294105098643,-7.798906873905265,-15.205838034595592
2000-07-12,17.54060026268405,11.393080179012525,-7.2202820328942225,-13.43688248144094
2000-07-13,19.029502517648822,12.337096990130403,-8.456279354934791,-13.624967003844525
2000-07-14,19.886618830501074,12.63810119088157,-8.070852361860883,-13.579786958684606
2000-07-15,19.637569046957477,12.943664277057472,-6.461274879532313,-14.55157195133861
2000-07-16,20.0748774924088,13.368853993113715,-6.121903623088583,-12.47216641544322
2000-07-17,20.80591830596277,14.049392269334012,-4.437532954108107,-13.263705252543183
2000-07-18,21.630306208593623,12.992156231683722,-3.655505409514208,-15.584816597598067
2000-07-19,20.5243493511873,14.102145344587784,-1.6563139179892024,-15.743011945201472
2000-07-20,20.451293221497753,14.776229699340456,-2.0807101248444355,-15.246899664948947
2000-07-21,18.89564381359234,15.464270334930738,-1.81421905065762,-15.539312264090608
2000-07-22,19.475638560153737,16.273024995557183,-3.5896049724925847,-15.795523144584505
2000-07-23,18.29760986320236,19.71919875015044,-1.5804297958425857,-15.193427642470473
2000-07-24,17.66514669609681,19.55482508032371,-2.4512895059591298,-15.825820374044614
2000-07-25,17.381763464613233,18.956066875533487,-2.4656132195399594,-14.928349778109947
2000-07-26,16.58899666365348,19.190477014363612,-2.6009881555653322,-14.125384592896724
2000-07-27,18.530982119170172,19.363487701552735,-2.2340029369788046,-13.719682969531938
2000-07-28,19.09317462329766,20.009707090960546,-1.7197651406932244,-12.820654929088228
2000-07-29,18.928748148974115,19.464895257075284,-0.5844764680709715,-11.071046235251606
2000-07-30,18.244206979722883,22.752530698889423,-0.11267610323187643,-10.37622426273643
2000-07-31,17.41934080597914,24.79612892728089,-0.6545890465766215,-12.237028098354598
2000-08-01,17.182848585274822,24.91930918675883,0.20533440202820075,-12.409752418612971
2000-08-02,17.43679809121993,24.0536246801506,-0.3441791580343825,-14.056214063672233
2000-08-03,19.218677515836564,24.601272070102535,-1.9002423192773976,-15.114682402707064
2000-08-04,19.079471059765147,24.15252933420518,-1.2517474358332479,-16.472242178491356
2000-08-05,17.68908243233522,25.18993578146941,-2.8905692614418084,-15.958854607576034
2000-08-06,17.31711042377646,25.313652642602293,-2.0696719303871647,-16.079603876462638
2000-08-07,16.165495171657923,24.14879290609601,-3.2438855998062786,-14.51923037623584
2000-08-08,16.66661468695036,23.269884073990006,-3.1694198544632983,-14.30895703360735
2000-08-09,15.482026598174993,21.943550468383233,-2.620354001026935,-14.436182475045051
2000-08-10,16.614149862046997,21.286323212926792,-3.337311612846341,-16.59137557651369
2000-08-11,14.736673221708909,19.949004863385635,-3.116602726953202,-16.793974998682522
2000-08-12,14.372698186548615,20.633651676058722,-3.3610729241655655,-17.612791242340766
2000-08-13,15.832313773395704,22.00049664459294,-1.789694617925566,-17.190419795557712
2000-08-14,14.969422642803856,22.376764977671563,-0.8266462752463049,-17.35051285102748
2000-08-15,14.966366320863374,21.692446638252246,0.7909015163317474,-18.221682277233782
2000-08-16,15.281225941587056,22.91800354329,-0.9572076505571039,-18.069398979690714
2000-08-17,15.984846012076757,24.518184514403362,-1.4557205755787639,-17.74219649242096
2000-08-18,17.16332714306745,25.868055680891306,0.09733124191908749,-19.134893414069786
2000-08-19,16.73119686098096,25.147396995768588,0.6177126529213725,-18.05220009127322
2000-08-20,17.147240939204,24.428684055294298,0.6024899971432818,-18.28908935151663
2000-08-21,16.748209496371537,23.6051520817929,-0.40119885831119495,-17.69090410940944
2000-08-22,14.32090720567208,21.85606040402864,-1.1601086912422003,-18.689426274848042
2000-08-23,14.972623397286323,22.4824630133183,-1.1454298675550885,-18.361797113452266
2000-08-24,14.39273427421654,21.897081822674217,-2.1442309298628732,-18.823112170344746
2000-08-25,13.233671859911333,21.70633412046088,-3.8263933189189894,-17.633685474787395
2000-08-26,13.328281871252392,21.82774266980187,-3.0360109580602392,-19.293127348853368
2000-08-27,12.850970262553554,20.259220530045358,-3.0596973376290935,-18.700538916086305
2000-08-28,13.49979219710304,21.0989325562576,-4.603883739186987,-17.05971212438614
2000-08-29,12.186518880841806,21.023119067376243,-3.6703574789226785,-18.558741886661434
2000-08-30,11.152667174255217,21.51247651583934,-4.3017111723646275,-18.74668002662585
2000-08-31,11.82770801214637,23.05750240970852,-3.71270536949409,-19.593966699783646
2000-09-01,13.23957747294845,22.785799613197867,-5.718796235289331,-20.00322904423677
2000-09-02,13.578259079060215,24.363066631347515,-5.0396258208629305,-19.354762312085743
2000-09-03,13.37831056996109,25.038645454120957,-5.03208107409966,-17.791958889692474
2000-09-04,12.102200695579688,26.204385474616117,-4.253552524942186,-17.44062711807996
2000-09-05,13.137844825205935,24.788237386193654,-3.567611206369211,-15.952909199102468
2000-09-06,13.521648383334348,24.46182398739338,-2.0514206632074945,-17.15110266723118
2000-09-07,13.459667857964899,23.352368119861193,-2.106235365993927,-16.64683328211433
2000-09-08,12.670962487802349,24.956569528580665,-2.006671022994923,-16.5095915877901
2000-09-09,13.151539559270633,24.959116970738947,-3.679013479708003,-15.716454503601087
2000-09-10,14.092132604982027,22.060446911179802,-2.923307276298436,-17.03670386663766
2000-09-11,14.526924813033984,22.084496301451935,-0.8337681943619377,-17.225063165207057
2000-09-12,13.450998218965138,21.973437688226134,-0.7606722734816169,-17.94174723447122
2000-09-13,12.816677265123475,22.37686640712668,0.3241102811381178,-17.192592103377404
2000-09-14,12.597307246338323,21.657051482153935,0.6573022388930485,-17.456519797769896
2000-09-15,12.022859142862298,21.435345122500888,1.9982288886492074,-17.17306771500238
2000-09-16,11.283518457233418,21.65201500705147,1.7226959303476295,-18.137807909659042
2000-09-17,11.658782810595387,22.312008246134997,2.924354840499189,-17.68136509286282
2000-09-18,11.839997510404851,22.51162020653173,2.033374089919691,-16.863566455887312
2000-09-19,11.41321374273004,23.324214201028465,1.4713467183769429,-15.18241689590408
2000-09-20,10.917583156474247,24.351976294111775,-0.029911209945428396,-15.425563942607107
2000-09-21,11.596235865055643,21.460468340533435,1.5393724503621413,-15.835067083233017
2000-09-22,10.72169384938593,21.96508386140222,1.161149137675867,-15.161796850621172
2000-09-23,10.484952440500743,20.869090215838295,0.878762376893903,-15.78077783740126
2000-09-24,9.652213165400584,20.989241076326294,0.5954288868634219,-16.427133300222795
2000-09-25,9.372069351116352,21.21758831965174,-0.561342233173509,-15.842064897743619
2000-09-26,10.36960763990983,20.629250731066538,-0.41572440234672137,-15.714063046255326
2000-09-27,10.574022119248891,21.171432737475126,1.318038915385976,-16.026518404668384
2000-09-28,10.596234100486823,21.621628704001143,2.0205649052359957,-16.791138766980847
2000-09-29,9.314749652635825,20.218542165112417,1.2038348737748237,-17.255249579734393
2000-09-30,9.21403568085288,21.49430838235104,1.8101764997565146,-18.95940494991906
2000-10-01,9.018233015014792,19.934718797720237,1.2147400453801493,-19.40724549807951
2000-10-02,9.30705095904378,18.187406284904224,0.4729179738678796,-19.807166374774788
2000-10-03,9.805718474660788,17.707406408396604,-1.5711936452233082,-18.671120576056467
2000-10-04,11.821837053552926,17.618894890203606,-2.2022864660928696,-18.653192807406274
2000-10-05,12.216442956923558,16.862825438553447,-0.45711492693977074,-17.60930861086084
2000-10-06,12.479151358456468,17.217347645110266,-1.496058610298076,-16.868786736334638
2000-10-07,11.075517181068864,17.529399451125766,-3.2767806531816297,-16.67330617200949
2000-10-08,10.724388590181768,16.896089678650522,-3.41143208684171,-16.08022661352964
2000-10-09,9.860328844251992,16.378683804429887,-4.747966488820808,-17.106523680459865
2000-10-10,10.507988619891865,15.489356967217471,-3.945661513950009,-16.005111447485326
2000-10-11,10.873859619397303,15.07185268463479,-2.8261823330955322,-15.694582362343715
2000-10-12,9.828009322124233,15.370120456346282,-4.6561299011115915,-18.446060920532958
2000-10-13,10.34602796764929,16.304098322375637,-4.407968713290559,-18.454233448806836
2000-10-14,9.615436279896578,15.865928750020245,-3.851340766080048,-18.210329388751425
2000-10-15,9.878643424215682,15.237278894826899,-3.6978474246767403,-19.681569894018324
2000-10-16,9.481599674586855,14.31018436328049,-3.367485815875052,-19.21040756654127
2000-10-17,10.09055169633449,15.729264927388055,-5.685414675921313,-18.748871495135095
2000-10-18,9.96316033121056,14.005328820830007,-5.410082552691181,-19.4331275006157
2000-10-19,10.961032905952484,14.949077506101906,-4.47992758228783,-18.262316287481596
2000-10-20,12.176425081676491,15.089202355056859,-5.540068668435939,-18.396698639178737
2000-10-21,11.371713092110275,17.508215345682732,-5.487432106834189,-17.119853137613255
2000-10-22,10.569995535034888,16.543662417393016,-4.602961636877297,-18.38405609142302
2000-10-23,11.135227191806528,16.78829502148982,-7.693037227276269,-17.038008122329387
2000-10-24,12.834187544657597,18.163371923013816,-7.127022131147652,-17.24436587359234
2000-10-25,11.527114481586962,18.280062212238636,-9.060907572790589,-16.990388448269222
2000-10-26,11.580090950943623,19.389420164703935,-7.321935366884198,-17.12898151922669
2000-10-27,12.209188181119375,21.47155545403703,-9.022725612551094,-17.328258755781437
2000-10-28,13.273670604422666,22.233793225843435,-9.693807967307375,-16.431432916790286
2000-10-29,11.946888372856227,21.755493435712317,-10.256573351815138,-16.5396376818791
2000-10-30,13.265157506071905,21.958400705671835,-10.959462131198242,-17.388331702773584
2000-10-31,11.68135988748328,22.582920977563912,-10.061039482207025,-18.731150127979458
2000-11-01,11.582500747499369,22.274319373564246,-10.63700071125505,-17.98070679634822
2000-11-02,11.221194860226124,23.83734049695207,-11.332365858261994,-20.267454013253364
2000-11-03,10.676572623530134,25.126907525732577,-12.634521986515328,-20.726398978644273
2000-11-04,9.484940792861638,25.197383268556628,-12.645332158872339,-21.22726771884469
2000-11-05,9.20347803310163,23.84496252175069,-11.975411096686475,-20.280057327739907
2000-11-06,7.814446134063706,23.898034876789758,-11.240135911243165,-20.25027741754587
2000-11-07,8.450214043713425,23.309377205067435,-8.807070112132859,-21.02589518824212
2000-11-08,7.567804024773159,24.3078617759992,-9.138111753257549,-22.649721473360245
2000-11-09,8.755242724546328,23.65223737684252,-8.29056396925973,-20.785795909568048
2000-11-10,8.13232043685336,23.481595638991408,-7.2263086062370405,-21.844223481766175
2000-11-11,8.768376334465596,25.331366476739852,-6.500036425931621,-22.199178261862052
2000-11-12,8.260647714207064,23.57442630272161,-6.715613053406061,-22.276549321329895
2000-11-13,8.075926197982664,22.557407658408714,-5.940744655151939,-22.986819823660653
2000-11-14,7.258652240501276,21.602729468172143,-5.765069188959481,-22.226213874587984
2000-11-15,6.583270000148035,22.041572321208132,-7.024487370268883,-21.971737546452452
2000-11-16,7.983798214051388,23.6365965868695,-5.683551555502609,-22.132179438116022
2000-11-17,6.607386077894205,23.12012693542347,-5.734943265532654,-22.410511179910518
2000-11-18,6.876368610711722,22.573894850691342,-4.0182732413217614,-22.045640950730682
2000-11-19,6.814596769610682,23.242219067012584,-4.958813110177126,-19.790034421479795
2000-11-20,6.640536435996726,24.88402244571962,-4.301672732710306,-20.67855279067
2000-11-21,6.997457796959914,24.243174817170946,-5.019143804559819,-19.762367830768877
2000-11-22,8.048748820146844,25.27567815338929,-3.436334727540552,-20.241952811435308
2000-11-23,9.345128576254726,25.358297316365856,-2.3464143101050468,-20.98557923941044
2000-11-24,9.51684331376473,23.123960190201945,-2.804129823532281,-20.520157188724774
2000-11-25,9.747729243908953,23.264352819311515,-3.5479605697478407,-20.733591228549564
2000-11-26,10.480484309956422,23.877803594709285,-2.6273476763079806,-20.05938175037485
2000-11-27,10.68595745381885,26.315166268744523,-3.2222922732492303,-18.954699108939778
2000-11-28,12.080883240640606,26.63093447754995,-3.0951714021379138,-18.342062630542127
2000-11-29,13.821653993542629,26.90474180933571,-2.663772636567403,-19.35346584528466
2000-11-30,15.275133697623945,28.073585601616234,-1.6648771810231193,-19.756809973302424
2000-12-01,15.418648214057692,26.773409669990716,-2.8424471252730203,-19.445544560287214
2000-12-02,15.578064016672139,27.601670623521343,-2.6476056817802696,-19.538260601391762
2000-12-03,16.532694279830434,27.44290073106734,-1.9135511720402842,-19.234827088137948
2000-12-04,16.324001803580927,27.561011077787395,-3.6457254828729697,-20.16458119944738
2000-12-05,14.87925743081118,29.695203236123593,-3.0941519069138192,-19.393551983268036
2000-12-06,14.189361794340952,29.45448540200813,-1.3956481594655268,-17.961594756575995
2000-12-07,15.0136432186229,29.55320095675962,-1.5174367701364113,-18.190772967666216
2000-12-08,13.944937515670182,27.752091538456188,-0.9303847483876798,-19.176475390391225
2000-12-09,13.90818008136789,28.59256349967993,-1.129043760709957,-16.88937975398784
2000-12-10,12.926238420059041,27.53879680311224,-1.4807508539881125,-17.422547102149057
2000-12-11,10.02832369556098,25.93613021959369,-2.869442128827976,-16.008337627954674
2000-12-12,10.809627794159658,26.10255904576996,-4.2759343277082635,-15.236401789629278
2000-12-13,10.518509231412274,25.782446832657474,-4.876982701521578,-13.69269129993284
2000-12-14,12.720947108340642,25.753708570322015,-5.46979988662945,-13.805938766354656
2000-12-15,13.421003673900747,25.85030845566579,-6.170359046881611,-13.270369501999475
2000-12-16,10.9540161957499,25.237834282372813,-7.005108931306152,-13.121417732311421
2000-12-17,12.238377855267471,24.10887612030514,-8.19192707636521,-12.208717485192658
2000-12-18,11.68051596948567,25.974484861041528,-7.1831400756947765,-11.843290687266139
2000-12-19,11.435907710584791,25.243912418920672,-8.392799501902688,-12.201609576970906
2000-12-20,12.56999608063868,24.821135479083683,-7.9095961422023375,-12.633114385181308
2000-12-21,13.170487614289401,25.48974717040545,-10.146733718037446,-12.088349062088513
2000-12-22,14.984284160669795,23.884197439938575,-7.68107648572092,-12.005207904062917
2000-12-23,14.921325397015112,24.594283253443802,-7.066284778304542,-13.323283504705397
2000-12-24,15.834535342042075,23.793529908326462,-7.692890899266974,-13.44723431288477
2000-12-25,14.197847971024315,25.511641486315295,-6.446697755740162,-11.924027659158853
2000-12-26,14.063904586205771,25.40315882528582,-5.560545090755751,-11.734946191237764
2000-12-27,15.225851267498221,24.9314501073929,-6.419043810026202,-10.434051543064545
2000-12-28,15.527495516464393,25.01834329109109,-6.717215539232614,-10.325192417428358
2000-12-29,13.769860943404256,25.05616605471675,-5.451507615306268,-10.184166670616703
2000-12-30,14.583952014372146,25.26811736768456,-4.01109857904821,-10.086948406582017
2000-12-31,16.040420537404287,25.522925506022766,-2.5326814678359044,-9.652522642982477
2001-01-01,14.020926099686694,25.552241554176245,-3.3654968427590344,-9.292428286061797
2001-01-02,12.336721129225868,25.366075907907902,-1.9985517163833881,-8.707134734806935
2001-01-03,12.4097051003742,24.80689842714412,-2.092036199658824,-8.37593668514603
2001-01-04,12.496253388069192,25.377814801833978,-1.7408096377229652,-7.645595185298098
2001-01-05,14.890577419548638,26.97538858227588,-3.078970001673352,-8.262246327600481
2001-01-06,13.985588472994223,27.309202835231936,-3.985626066219398,-6.550277086923203
2001-01-07,15.344167460944114,28.705021945952733,-4.177048941345174,-7.861183348953004
2001-01-08,15.210753710914657,29.093883805734052,-2.272567992251995,-7.705354377965715
2001-01-09,13.10861201142911,27.610826668285178,-1.0246925943525145,-7.834984667330471
2001-01-10,13.967302267480392,28.210175517532885,-1.7723266751129718,-6.801390008170112
2001-01-11,13.6975308250287,27.09654729666467,-2.505896115892492,-6.965417050248708
2001-01-12,12.800074957761339,27.42416468504239,-3.1692551451859803,-5.562235333626343
2001-01-13,12.246169094012764,25.112071918862476,-3.5335754178175964,-6.807927913101641
2001-01-14,11.590119270044882,27.35462017104008,-3.574742203172896,-6.756757937693286
2001-01-15,12.465578804262568,25.447579507171355,-3.3825807405298076,-6.227731320857063
2001-01-16,11.748272756141926,25.969741912259707,-3.109212530186211,-6.717098450049074
2001-01-17,12.414680135797356,25.66938522018006,-2.908318704732032,-6.155518972830955
2001-01-18,13.593723349678253,24.8577111281274,-2.1960750373999414,-4.663952703168059
2001-01-19,13.711593097547803,26.164840426360854,-1.1806389050377564,-3.464169114144922
2001-01-20,13.500191479284188,27.222216629219485,-0.1409646568113856,-4.503071216448594
2001-01-21,12.785890973963264,28.05157600892067,-1.0202753560443762,-4.956981634978575
2001-01-22,12.67818963682631,27.38959775246414,-0.2841168482639206,-7.165114684336663
2001-01-23,11.538772827331137,26.780962278983587,-0.5528832268165487,-8.075612231570684
2001-01-24,11.348811587258272,26.61186201757501,-0.7281547953752556,-7.500715385431538
2001-01-25,11.004893410956914,27.3423145036572,-0.7908842245888134,-9.314824411864311
2001-01-26,13.069341475394337,27.991663598717796,0.9239107782909034,-7.974192695642586
2001-01-27,13.983617553255636,29.504531650589325,1.3619367259504793,-6.478035867076276
2001-01-28,12.984351909140667,29.478310986100706,2.1658821950418683,-6.782476573712288
2001-01-29,12.495503975343444,29.892441558068302,3.0466683335232636,-6.33707720459715
2001-01-30,10.98786931983563,30.45577913406963,3.241433064314461,-5.623183600934455
2001-01-31,9.864441447451282,31.297594452675238,2.714576976561652,-6.627794041798607
2001-02-01,10.467608552710894,30.28945260271216,3.39096741893707,-6.678402982714055
2001-02-02,10.764815884161406,30.41608597797304,3.40365824501687,-6.104207483251707
2001-02-03,11.436467767267592,31.60991919493556,2.954499609218286,-5.694791441149103
2001-02-04,12.413758187585875,31.71690627949133,2.623272566108327,-6.564247557426473
2001-02-05,9.676589986082435,30.588010513575764,2.3911958514083467,-7.498026318124414
2001-02-06,8.556602698972373,28.81544053270566,1.9366894766527265,-9.635955528546459
2001-02-07,9.3189072757922,28.157428583903172,2.170551783907679,-8.177488375840488
2001-02-08,10.02197772577731,29.7408798884485,5.003378052849901,-8.253188398554975
2001-02-09,11.091997292544772,28.262010370493932,5.995280582168969,-9.347943345559978
2001-02-10,10.759612585679903,28.743939569684713,6.60949921992052,-9.0013757601419
2001-02-11,11.115279846214376,29.181978891328452,5.332944925479744,-7.037436046418799
2001-02-12,11.348986223622395,29.999475043945463,4.101905647940905,-6.20269841306322
2001-02-13,13.818874074200425,28.82209602425718,3.242129786172399,-6.95540501107869
2001-02-14,14.285905342234024,28.507192681168267,3.4808940202588223,-5.479485310350879
2001-02-15,13.10738832707076,29.42141043822229,3.6167284683842684,-5.789573375091042
2001-02-16,13.641659183440716,29.894101485955673,3.1994874909722917,-6.7283104218703125
2001-02-17,14.676935073173642,29.844723063817177,5.302690693379547,-8.481263153894451
2001-02-18,15.292318277248087,29.714819006487883,5.132170045399867,-10.366659698764105
2001-02-19,15.493476492073917,29.826332538834365,4.560498533624179,-9.257489472293758
2001-02-20,14.650325483133274,29.498235517698085,3.477147327244958,-8.374296003868222
2001-02-21,14.393080207097118,30.492058251973194,4.22116604584592,-9.05706497686028
2001-02-22,14.080827395827642,31.047349532848614,3.762722831983769,-9.194654609669323
2001-02-23,13.591980006552618,30.42315236313998,5.74351216627973,-9.63276971369452
2001-02-24,14.688696235189338,30.867226303970096,5.24531517130356,-10.146069285213194
2001-02-25,14.535568431748366,33.01387263141898,5.688838876354755,-9.952326931262105
2001-02-26,13.125146134104769,34.014189121967064,6.1403652575734595,-11.06112482616073
2001-02-27,13.653365556338473,35.88905232014181,5.334556685867213,-9.8251087945939
2001-02-28,15.244283688100952,38.117719417395655,4.51447371543651,-8.051228602362947
2001-03-01,14.30026231373073,38.335782427043895,4.087076314316265,-6.58844968143073
2001-03-02,15.37063020658942,39.24088524096671,5.1913353361486445,-7.031682247526799
2001-03-03,15.952749401579304,40.83141749237891,5.644162836322209,-8.196052121504104
2001-03-04,15.825666118801507,40.85636224795989,4.697562139896355,-9.000367093002113
2001-03-05,15.292587001366044,41.68058267764425,4.676173688473485,-9.222162691926275
2001-03-06,15.400462752059404,40.80498681173021,5.392584222641449,-10.51842745207207
2001-03-07,17.159423379734086,41.56292314788884,6.105525594504393,-10.796279098875196
2001-03-08,16.715196923200757,41.47343380317993,6.9242934467550885,-11.473366407596178
2001-03-09,16.535955763461182,42.05273058347196,4.9434600252515635,-11.880552467225701
2001-03-10,17.811595248660584,42.296796645480406,4.9242400796427495,-12.335769279042001
2001-03-11,16.515076452980338,41.82052251896225,3.674432004198625,-11.96685743016004
2001-03-12,16.95706373697162,42.08280228749236,4.998158990671668,-10.87446324678706
2001-03-13,15.31117277258861,43.09437673244899,4.6702725371147125,-10.780571663401933
2001-03-14,14.558265198325824,44.28228600674835,4.358357462813789,-10.091455206388364
2001-03-15,13.523551941165499,44.35888558845992,4.1357116933606735,-9.95563903230948
2001-03-16,13.366724807579068,43.38429485858417,5.89647029656168,-11.402480173351758
2001-03-17,12.584699816246735,44.02424704183506,6.243367534447067,-11.479669009087443
2001-03-18,13.70773389359133,43.39988833222963,6.899943901850572,-11.46883355265629
2001-03-19,13.579124444358895,42.84953804008323,6.896694113708538,-11.114590380719587
2001-03-20,13.362773463466198,42.41896815076771,7.305180412500569,-8.916327542084616
2001-03-21,13.924417757709865,44.30288869377174,7.435212916603025,-9.137067911553423
2001-03-22,12.147027359682083,44.82584464169127,8.008448525874137,-9.01720436688229
2001-03-23,12.875914778758322,45.51515874709388,7.654471292011135,-8.5452285726635
2001-03-24,11.208721774878478,46.21715284815546,6.597619157254955,-11.518231852939483
2001-03-25,9.873063868243165,46.36412680592403,7.774701106159029,-10.940467954435324
2001-03-26,9.834063187183597,48.76723471352759,8.162026981802146,-12.308293766445688
2001-03-27,10.100174646319473,47.89615202095918,6.664113900609532,-10.504554070798042
2001-03-28,9.05076203874228,45.219623258117124,5.686524464743653,-10.641949753462493
2001-03-29,9.015258418474508,45.66551049483613,6.534277515650565,-10.247878483503246
2001-03-30,9.140569935063361,45.20462355329713,6.530222931715128,-11.026194491003933
2001-03-31,8.313727134912787,44.19935221825949,6.765296661603884,-11.182279974341604
2001-04-01,9.189384902595872,44.65489437081581,6.881485432281122,-8.738454049489242
2001-04-02,9.534349294774255,44.47224295295778,7.098922069765338,-9.009669409311899
2001-04-03,10.805811087156167,45.629353230471594,5.005675354073551,-7.044507386912589
2001-04-04,12.097253291327487,45.7189205539473,4.755784703448445,-6.164194759569206
2001-04-05,12.87580590163127,46.48885233982401,5.854787965760039,-8.11346865869439
2001-04-06,12.199264307269374,46.679848866265196,7.890283938212476,-7.712102588535935
2001-04-07,11.805158064142686,47.608721404834924,8.177520312131476,-9.316884167426911
2001-04-08,10.707798569800719,48.19596966650943,8.954607237283806,-9.140970561912388
2001-04-09,10.96316394384727,51.16218686912123,10.390726622608225,-9.089206750031432
2001-04-10,12.532653696544227,49.8687371787961,9.715049463466215,-9.37524444266183
2001-04-11,12.640605064021171,50.40286922094928,8.24992048108783,-10.700123941648224
2001-04-12,11.877618554015763,52.058936392177166,6.410726610715591,-10.20219150711081
2001-04-13,13.374182592291348,50.33533835649077,6.317588337224998,-8.927873363676483
2001-04-14,15.073007647105811,49.29981368015505,5.426274286558235,-9.538449213506974
2001-04-15,15.037315194532935,49.0897206346287,5.467478514272329,-10.296100898569112
2001-04-16,16.317460182389283,50.56409098399373,6.576584985329709,-9.74823499593224
2001-04-17,17.036986541191446,50.18898353764612,6.59038301998936,-9.781463918862832
2001-04-18,17.364106536110928,50.26100183499901,7.435292373037416,-9.413830448314513
2001-04-19,16.524947907201067,51.490896146454354,7.642544966711516,-9.468559414794504
2001-04-20,17.701515125396863,52.331348805873105,8.492360084908448,-10.184292725609295
2001-04-21,18.62661147369725,52.396792571276606,7.860943452053537,-9.523086274399002
2001-04-22,18.008157476019417,53.318463400416896,9.206545990189504,-11.655617338016178
2001-04-23,16.838547012354653,53.03520522322239,7.771554063268185,-11.338342497271837
2001-04-24,15.89053097545946,52.43890938506178,8.395358145913308,-12.750927059933215
2001-04-25,17.23745831853495,52.782586278491834,9.445788092576613,-13.231320094500417
2001-04-26,19.32779741891925,52.337190309606704,8.35038621804893,-12.345134319965453
2001-04-27,19.343593379230775,52.19740893787199,8.248593554018937,-13.162075921204377
2001-04-28,19.22226098250609,51.143265054411934,7.7860901698063385,-14.450776996301364
2001-04-29,19.075013311067227,51.71625338478072,8.13396164541296,-14.947184277705531
2001-04-30,18.87563509757013,50.423230429989914,6.308088319749522,-16.036367782553917
2001-05-01,19.604817064869827,49.637979563288994,7.177602931595784,-16.044336474825275
2001-05-02,20.06262733617049,50.07558400446942,5.148524486748425,-15.733885240862067
2001-05-03,20.385756243957164,51.47351442148903,4.565880128375645,-14.3199298855184
2001-05-04,19.60059592397903,51.73049284420262,5.5532032340439965,-14.430027449238711
2001-05-05,18.954866648320618,52.208778552618234,3.4050281038401757,-15.356238824153067
2001-05-06,18.79764852259204,51.895232376351046,4.4095294511445955,-15.356977646762289
2001-05-07,18.648758798046714,52.72584798404969,3.9862791786590286,-14.692362488071756
2001-05-08,19.014464837818817,52.99266861749765,5.69708133556251,-14.237821909459281
2001-05-09,17.993960281499717,51.78908322663962,5.037253293044512,-12.559892553501614
2001-05-10,18.672905249058097,51.565020319226505,4.966597404301799,-14.14450596078883
2001-05-11,19.06764553558672,50.135312082077604,6.436153222089131,-14.857417875194502
2001-05-12,20.293118300857163,52.27796093197045,4.933666841630382,-13.410102762397045
2001-05-13,19.60045563720958,52.01485301262381,6.838800316224334,-14.221215651448542
2001-05-14,18.339566129211388,51.701113027277096,6.318025952863891,-14.37956003621651
2001-05-15,17.01526179705697,50.74327261601487,6.568435318761803,-11.975950143558226
2001-05-16,17.3217633241069,50.22495305004227,5.8538706345783975,-9.836574272925647
2001-05-17,16.146783776014974,51.107567862413326,6.175287982688438,-10.314932260692942
2001-05-18,16.51607803726326,50.763049563301685,6.708279776691727,-9.26317793942771
2001-05-19,17.566161807196092,51.37952152311823,6.887899912348821,-9.068988073968965
2001-05-20,17.051056416611722,50.70194551134371,5.257041610737748,-10.004509008810265
2001-05-21,17.226500589510543,50.967503582736704,5.103618894485572,-11.421697486948457
2001-05-22,17.11011051575937,51.264972135381775,5.776905772572676,-10.961225729269556
2001-05-23,18.072565175605668,50.984910461814046,6.827169642587609,-12.260997693828571
2001-05-24,17.44925536066177,48.28696648950695,5.1756674975019274,-12.349161570146215
2001-05-25,15.343370253826595,47.6874860497028,5.600433054907924,-12.537358637099787
2001-05-26,15.221158641239029,50.451350509696915,5.360309333949356,-11.144940983166126
2001-05-27,15.980369608315407,50.665722457423,6.141270848970588,-9.231200892263026
2001-05-28,14.902927671373646,50.73159079344431,6.948171474114988,-8.64619134521029
2001-05-29,15.481509490502868,50.17642871503795,6.720475920401063,-8.009323966336071
2001-05-30,14.355701011622877,50.10249858917484,7.491828670490017,-8.629529962821106
2001-05-31,15.305858178523287,47.81543866994315,8.213351668283757,-9.29259933014701
2001-06-01,15.269803211086284,47.54872697796178,8.293887734142242,-9.794121159421978
2001-06-02,14.50071744167714,48.26853604594842,7.040052869762446,-10.192428506884347
2001-06-03,14.632593948363665,48.21476819749679,6.967977386642655,-9.736596880791216
2001-06-04,14.745558356722102,47.23973737646149,7.790906752397961,-8.237363978124845
2001-06-05,13.954008675140956,48.52060318707849,7.7746283929011435,-7.6571012423054805
2001-06-06,15.58686622206126,49.23771159168583,8.31650404166114,-7.694866071269088
2001-06-07,14.929787992592237,48.38886972496241,7.6066733444106545,-6.557538973381614
2001-06-08,15.32074400245552,47.21667886259826,7.444009406054888,-6.888776068426666
2001-06-09,14.940455905673703,46.35073352797372,9.459458788596237,-6.338377554491492
2001-06-10,16.54124464553235,44.738002240967226,9.823860088977794,-5.067756988577962
2001-06-11,16.431009100480672,45.09805647849085,11.589764517591448,-5.317286224958114
2001-06-12,17.682706008327553,45.25711037261763,10.54632345256387,-4.9423275703741
2001-06-13,17.59012537239423,45.333793907485905,10.828383672970052,-4.7737973971997905
2001-06-14,18.302471349278523,44.89964025543673,9.127430444285547,-3.5188789424397307
2001-06-15,17.911970025126873,45.257322066872,8.601592954154794,-1.6715574307670389
2001-06-16,17.756064026791115,43.95051545730178,8.111458069892088,-1.0168171633051617
2001-06-17,18.48595887570394,43.15895100806123,6.736386446965641,-1.332762143958687
2001-06-18,17.788587399398658,42.48839484689733,6.374422250683965,-1.5550671606280317
2001-06-19,17.653641631500147,44.32940507953905,6.403822591318467,-0.9908738747132095
2001-06-20,15.244736698999924,43.199947238459956,6.152847269833783,-1.1969100161542627
2001-06-21,14.100183214716287,44.49682374076605,7.290360513025794,-2.4371745062227874
2001-06-22,13.990143122875969,45.07198076894966,6.741736487153838,-2.7048934777523526
2001-06-23,14.73573739956753,45.89670144529621,7.72439047092867,-1.5195942873310082
2001-06-24,15.232165054696598,45.6904302051375,8.558793039228327,-1.0532450651603864
2001-06-25,15.347201613316779,45.66587115800909,9.202649681418352,-1.4618793487100894
2001-06-26,16.68144310299436,45.45511756865867,9.994350422465606,-2.484164388088481
2001-06-27,15.856382084376055,46.34864453968206,8.916853330258455,-3.6365503669582324
2001-06-28,16.463800065499132,48.40679581216816,8.899367850796,-5.415148001052413
2001-06-29,18.86262073426323,47.05201024259796,8.133058594583865,-5.129308914377956
2001-06-30,17.594460447118202,47.60275432796564,8.894841530093718,-5.68692338841555
2001-07-01,20.151236134395845,47.77069669883992,8.206537339567616,-6.724579554385238
2001-07-02,20.154345750360733,48.871923497517116,7.824346298457102,-6.683959945077093
2001-07-03,19.734242318966203,48.763292238054184,8.667775894059327,-7.60108127913751
2001-07-04,21.659831174163774,49.30590832767891,7.454175496632387,-10.545483582381493
2001-07-05,20.549655422852986,48.17597511444615,6.624120545000736,-12.131668723723614
2001-07-06,18.686401628013407,49.42475017380382,5.420709243143302,-12.39907660606637
2001-07-07,18.81606965518937,50.30033866542442,5.965387712518313,-12.36189164776181
2001-07-08,17.591272371308563,50.267466595646226,7.129569121502456,-11.645153175093977
2001-07-09,17.890367707417013,49.36694262739216,6.00795729784212,-10.06425762908204
2001-07-10,18.015646966448813,49.70835139127331,6.050331318201608,-9.529081224543354
2001-07-11,17.087079044639395,49.79150891084545,7.342646679874056,-9.149667218186817
2001-07-12,15.813417932538266,49.2831386326182,6.742618221858586,-8.341838109708162
2001-07-13,15.84403509414492,49.90663305121844,8.27334697419424,-8.668187799000142
2001-07-14,15.263081395675238,49.465252059018624,8.019116407263763,-9.469293232971216
2001-07-15,17.14494505293858,50.894127226775495,7.58695842882753,-8.754715159299264
2001-07-16,16.37597560644857,50.789875876128,6.212603436103945,-11.137227959547674
2001-07-17,15.509049230674933,51.899533274788844,5.939678412619567,-11.921474391672774
2001-07-18,15.606201437367051,50.22645135196701,7.233825578293487,-11.122304910377508
2001-07-19,14.707716278033605,50.243506047277606,6.389537190113388,-11.444935703076618
2001-07-20,12.43835773498984,52.28338838292244,6.033623621862488,-11.206418163455105
2001-07-21,14.165057576223044,52.81650833635059,6.769990045292745,-11.397901890084333
2001-07-22,15.407770992714307,52.83533454409392,5.91818133063487,-11.637646088243214
2001-07-23,15.203223629742876,53.83844585799274,7.624809316641471,-13.726268327030851
2001-07-24,15.166530802541565,55.866632100741725,7.835428201276766,-13.218424072096068
2001-07-25,16.490199606564126,56.84526400913571,8.665192006077866,-13.82344544014647
2001-07-26,16.492664760919954,56.67069994707686,8.213529425010371,-11.586497089368201
2001-07-27,15.205706947264378,57.42712278589973,9.207409558386802,-12.318457106508683
2001-07-28,15.486730996111847,56.91632813760303,11.35167916343925,-12.683992558396847
2001-07-29,14.247944665015327,57.273535033996744,9.445885054167713,-13.855903772151485
2001-07-30,14.31296814066544,57.24850958596981,8.592819150077961,-13.43801906768973
2001-07-31,14.665519171694536,58.08534268279661,10.286732485207029,-13.726540593715978
2001-08-01,14.133882435624669,58.4486131072061,10.386120212953644,-13.694206106851698
2001-08-02,15.02479947302519,59.96039869586645,8.09991284460147,-14.485578371837777
2001-08-03,16.167717832360484,58.96322469513836,8.57621027403653,-14.915371509152624
2001-08-04,14.683360710810957,59.87030866968842,8.791706229050051,-15.333021464935124
2001-08-05,13.763165943852332,60.79575388893103,8.342642681100275,-16.16097498795303
2001-08-06,12.777439635045926,60.553639666925356,8.752214174987724,-17.595551638529937
2001-08-07,14.886352861230439,59.94799979262815,8.953469866797699,-17.627154292824773
2001-08-08,15.542772416063482,59.21280005120619,10.448357859483334,-18.122804303891236
2001-08-09,16.40650869416128,60.20941280964814,10.27124575506955,-19.063187826495486
2001-08-10,15.876290833181466,59.94674259572914,8.832414910552265,-18.685390885091657
2001-08-11,16.409245633660024,58.1571810190099,7.8192248780086215,-19.15054018197244
2001-08-12,16.726128162979645,58.66163772324032,10.688809331648134,-19.9957922291815
2001-08-13,16.122595659015666,59.22780278810462,11.636437295027278,-22.08548057551166
2001-08-14,15.32642300132194,58.78487517992782,11.215762784124115,-21.55552315595482
2001-08-15,14.632310080857486,58.039630540050126,9.931268912972397,-21.22693705944421
2001-08-16,15.482216373202544,59.19227560046312,9.12114223712204,-20.753047264106527
2001-08-17,15.655746172845424,60.74906921819858,10.090208632999827,-20.38326844952535
2001-08-18,13.575263058311863,63.201073342645174,10.317579658048787,-21.45986215529691
2001-08-19,13.240955434312372,63.013834842496735,8.768192549482038,-22.510872026879646
2001-08-20,12.99841785120214,63.12447072373317,8.670849668436517,-21.58678481509664
2001-08-21,13.417696187577182,63.476553985494846,7.646422649623244,-20.821605894847945
2001-08-22,13.623367944154179,65.14849060533258,6.647999992540737,-20.084748569979265
2001-08-23,12.642627696174577,65.79621026514808,6.208975686926154,-21.829035757316802
2001-08-24,13.05416136600179,67.23265871192221,4.7263940477013,-21.105145330205005
2001-08-25,14.175502057413203,67.18771679031674,5.003678647405027,-19.361692940777264
2001-08-26,15.209595237885729,67.59787133212969,5.229560618955857,-18.12422891360025
2001-08-27,13.735471825218408,68.98852863762146,5.606355942411967,-18.238889210540886
2001-08-28,15.6282691320837,68.78220575744103,5.138871219695766,-16.88022168957232
2001-08-29,16.50959795878,68.54249371367067,4.070351967974579,-15.395237006600428
2001-08-30,18.417206618973918,68.14097259362778,3.45032554552714,-16.022528288978226
2001-08-31,17.634280639012726,68.1912710219547,2.334681735077976,-15.340605366976403
2001-09-01,17.205321759732005,69.47178991435422,4.158462864728309,-15.281619094883785
2001-09-02,17.156638787969346,70.08281861087987,5.236402767533998,-16.045484021314493
2001-09-03,15.833575689823881,69.09992468843353,3.0260851233258603,-17.422348750762303
2001-09-04,16.821241530411573,69.02221033047901,3.186280724784004,-17.36465927145915
2001-09-05,16.085851014833924,69.33784389656809,3.521111892790403,-17.602892960286642
2001-09-06,17.017678350147538,69.70731475590688,4.288362831432255,-18.43285205488035
2001-09-07,17.735755540022378,70.20772872646802,4.858980608574891,-20.052017879383286
2001-09-08,17.58007858625771,68.79309548289741,5.47615429070407,-21.396543371139394
2001-09-09,16.77614251389685,67.86808953361952,5.292778194026601,-21.88430129879368
2001-09-10,18.57154049080031,68.81826897163138,4.679321060006572,-19.999580261751905
2001-09-11,18.4887916791346,71.07971454663696,5.556912872277847,-19.857274249318323
2001-09-12,18.67107225237306,70.76801366234379,6.204879115592734,-20.324900693883386
2001-09-13,17.44689837481267,69.84148920452246,6.796535151555415,-18.59411662712333
2001-09-14,17.714808166660063,70.93539818386796,7.717630944806293,-18.66255425086181
2001-09-15,17.440963703958992,70.56802693480334,7.032047924836072,-17.93399668642688
2001-09-16,15.975909154229154,70.84915252672309,7.149798081378691,-17.09047134138401
2001-09-17,16.38854314074461,70.47753588707857,7.667704780679567,-17.464442118159877
2001-09-18,16.18569450056683,69.90444319857299,7.008905943546619,-16.180922720334287
2001-09-19,14.880243359631057,71.57551469540167,7.479651276262316,-17.57750054142245
2001-09-20,14.642782538984509,72.60962401989558,6.136653131709597,-17.66889895940445
2001-09-21,15.510160892439995,71.50395787893358,6.938577715538101,-17.684471635824078
2001-09-22,15.501895344486313,72.72336325641386,6.7068468683832085,-18.082286658521706
2001-09-23,13.71753902084066,73.53229188300924,6.455052925601412,-18.308632218408174
2001-09-24,14.308370648832708,72.90760547296104,6.468992896543432,-18.368570200657167
2001-09-25,13.573618896656663,74.27774113796715,5.874545274550201,-16.780330246214042
2001-09-26,13.030731502684263,73.1084662979468,5.302259641531975,-16.042127918011676
2001-09-27,15.642663217565527,73.29692612863899,4.719384748121125,-15.493024924385825
2001-09-28,15.259970113700582,73.38042770207636,4.222662181924633,-14.444628884187894
2001-09-29,14.090475400126506,73.3546559467042,5.177778409878556,-13.80264842993246
2001-09-30,15.594176845379113,75.05053725462483,7.600780323049837,-14.49290688041474
2001-10-01,15.889570899615196,76.29324126219126,8.648055424563145,-14.588708654102993
2001-10-02,16.262694996343527,76.79554484485817,9.561207412305864,-14.301213524121263
2001-10-03,16.520037778152332,77.0740838570571,7.778008506876274,-14.306095092443446
2001-10-04,16.40503170253818,77.25782021208579,6.749399752024055,-12.69031511659871
2001-10-05,18.343880391298637,77.28891826978624,6.0558751067400465,-14.361791480727346
2001-10-06,18.35813676891825,77.53136128561067,7.321569448429999,-14.895817753942323
2001-10-07,18.63181861585286,77.89667424264162,6.681158945060082,-15.00402314184961
2001-10-08,19.269198239942565,77.68333582643334,5.268515180553741,-15.262897299742766
2001-10-09,18.85879684233354,79.17344548505606,4.718986230939283,-13.93266372688509
2001-10-10,17.157168501140315,77.73126349405611,4.5203878425393285,-13.31080832919522
2001-10-11,16.544277077862244,79.148909472277,7.893697289759367,-14.52390734926796
2001-10-12,17.029726455801125,79.66963515988903,8.652189962079195,-15.374934706800532
2001-10-13,16.496599597921296,79.45764825424293,9.959274828601785,-16.281100185275605
2001-10-14,17.507303846380854,77.9331058682698,9.290335493217617,-16.394774300038048
2001-10-15,17.727933748707652,79.47222445335537,8.88382012900452,-17.04344855594204
2001-10-16,19.184308286411703,78.67037449785384,8.070720851843104,-15.43340752032423
2001-10-17,19.637984105264973,77.58510153128938,8.404559431683179,-15.946624623144984
2001-10-18,21.267541246173387,77.42221408486377,7.055850801762064,-17.07518600131029
2001-10-19,21.566842758332932,77.88802214684719,5.229241231153127,-17.95081668604894
2001-10-20,22.17918060708349,76.53205105015235,2.982240346055566,-16.548912703909654
2001-10-21,21.753830254730126,76.89221976497751,1.7407942525693658,-17.35407840071857
2001-10-22,23.313421263869962,75.83735357555514,2.4548897974928092,-17.82827100566873
2001-10-23,23.58402033350953,75.3787572512538,2.13962091267837,-16.35174118854368
2001-10-24,21.893329707926124,73.84882236311662,0.7420742585975795,-14.998953605224168
2001-10-25,22.548941658886967,75.3720836723757,-0.1368162302850846,-14.667650737910073
2001-10-26,22.548938494041582,73.73634849239745,-0.19151185198963916,-15.05368369015287
2001-10-27,22.671466233843372,75.68670737724499,1.8570951182113302,-13.94210780516501
2001-10-28,21.545228798918046,75.6693928848982,1.2811530512931908,-13.787074570079142
2001-10-29,21.28863861342501,76.24943658696023,0.5047975654599101,-14.89442371248945
2001-10-30,21.023771372426914,77.98721819410838,-0.15872403506833932,-14.803609773880154
2001-10-31,21.95997642994602,77.85732919908067,-0.5679683020871589,-16.198372736978456
2001-11-01,22.47852033437337,76.89191563813246,0.11730714901993944,-16.418324623080558
2001-11-02,22.432991362710343,76.27258417530683,1.5042283865825286,-17.193370613543003
2001-11-03,20.857470245742984,76.54327348643687,2.917625987526626,-16.196934719297563
2001-11-04,18.9453800112101,77.24123838226033,1.7705047867228685,-16.851521070503754
2001-11-05,17.740124075302862,77.48126199009384,1.335098567235317,-16.04521801052121
2001-11-06,17.130272265995906,77.1367806618041,1.1391063312678353,-15.726670840264218
2001-11-07,16.677942130085718,76.39897265983198,0.832126209886439,-15.846229386754658
2001-11-08,16.968808438165283,75.24306277999263,1.0966639183074967,-15.427167578207468
2001-11-09,18.951114775694787,76.57754689531829,2.8039396268841785,-16.691484081849595
2001-11-10,20.1227678534609,74.64758348679896,2.587359710271209,-16.362507729456077
2001-11-11,22.00968068877783,75.29643300532831,0.12127677403029669,-17.802627107103717
2001-11-12,21.33865468947615,74.8831215684792,-1.1451075535252113,-17.277501907731935
2001-11-13,19.66337311980404,75.43130817291518,-1.3488558806850572,-16.722715086178827
2001-11-14,18.77606788410536,74.73210159936612,-1.872721389095388,-16.956963096260413
2001-11-15,17.63940636202105,74.36052028412125,-1.5558891310671212,-15.963640701661497
2001-11-16,18.843902089263718,72.86674246249049,-3.318328751884541,-15.246547408533383
2001-11-17,18.76857254914437,73.33019139812377,-3.0199070736336986,-16.43930289732599
2001-11-18,17.91144203379737,74.57403552886345,-4.285044381969319,-17.843425457312613
2001-11-19,17.730857814973746,73.84151090897925,-4.9186733551931665,-16.756443100604525
2001-11-20,16.486975989643135,72.26303848274372,-4.859052301268449,-17.07418253453139
2001-11-21,15.838523231104137,72.97461642940266,-5.516317292336396,-18.902351540775523
2001-11-22,17.396717711144753,71.6816875410035,-6.714964326073319,-18.73224021365219
2001-11-23,16.95178652372102,71.56442362946522,-6.752103029413564,-18.190702148190685
2001-11-24,17.904897076479315,71.86129425674898,-7.474581033537376,-16.33613313215942
2001-11-25,17.7514787550874,72.93730303907456,-6.57678674800826,-16.10591402633787
2001-11-26,17.329738639003818,73.36497479329292,-4.989160996923928,-15.305133793293775
2001-11-27,17.307720961818074,74.88875815328753,-5.649128009225162,-15.494092598650193
2001-11-28,17.145434140664488,74.957709889978,-5.9875441861284235,-14.11416522934775
2001-11-29,18.04903204956385,74.67016999304359,-7.163287749568747,-14.328104555422348
2001-11-30,16.6305883342864,75.26365656545688,-8.083853988974521,-14.778638918273293
2001-12-01,17.452174868234604,76.86635793969802,-8.435974254057705,-15.148945103164841
2001-12-02,16.938586852014378,78.28979513078592,-9.300595986373734,-15.709698996300267
2001-12-03,14.91953778222027,79.29335212897911,-9.480499700176454,-16.531553908356102
2001-12-04,13.402309483384052,79.31093540695937,-10.695739622962419,-16.903390545210147
2001-12-05,12.942054396448503,80.60663432807848,-11.006758884938785,-16.53531355472868
2001-12-06,12.314547483328496,81.46785155374931,-10.519578171178638,-16.54389003224704
2001-12-07,11.66833654655449,83.49722272176355,-11.192297799337798,-17.724208824257623
2001-12-08,11.185705485827866,84.3194463050105,-12.141127007689045,-18.751761988981098
2001-12-09,11.361469174864268,83.34316174642828,-10.30932869465902,-18.308438183263316
2001-12-10,11.997206645140425,83.8010790070096,-11.05864663326848,-18.42880239135153
2001-12-11,10.744538432597677,84.97938741251701,-11.409762859152076,-19.202181962784696
2001-12-12,12.67228665805543,85.6055175784999,-12.9235473487951,-19.084211250542428
2001-12-13,12.160115094776877,87.28214946836836,-12.793808901485598,-18.439941313764987
2001-12-14,14.126421373683995,88.24964518892523,-12.992598661710877,-18.018961861599873
2001-12-15,13.862167218453502,86.21956664527494,-13.486832421348206,-17.13345455473707
2001-12-16,13.282950846070568,87.22528819428197,-13.115790306794603,-17.21870626090269
2001-12-17,12.347815129927021,85.37963545371983,-14.558004103633698,-17.70947652278638
2001-12-18,12.457106157323796,85.08956920345857,-13.420534909542436,-18.66153593578898
2001-12-19,11.692561359307682,86.0083452755935,-14.363432900944343,-18.21748608241535
2001-12-20,12.741806215353936,86.76074928257195,-14.60941297320889,-18.493677732593305
2001-12-21,14.251458719139064,85.14089031056315,-15.980928575425004,-17.643486755026554
2001-12-22,13.396465472246739,85.64552992870779,-15.286518790705486,-18.437751068530634
2001-12-23,14.269756723773968,85.43866902677671,-14.632820939782643,-19.562154750082552
2001-12-24,14.975213112637181,86.58612500533118,-13.905974237726415,-19.57458223092641
2001-12-25,15.360977608242205,86.53075100355919,-14.39219068469703,-19.55190959318963
2001-12-26,16.245644062228894,87.79468122560621,-13.237122658862447,-18.93541042803975
2001-12-27,15.665044651344926,86.87522774105096,-12.769844248545084,-18.39404437022699
2001-12-28,15.76280569768341,87.64509558403681,-12.976248891316608,-18.07289200376777
2001-12-29,13.900644850377699,88.25218883384328,-14.805460850182067,-18.689082225979504
2001-12-30,12.77417062677657,87.76780722859037,-13.43229724133746,-17.553737477659997
2001-12-31,14.09719296117371,86.62713241807678,-13.88736780845396,-18.51204050786381
2002-01-01,13.933399101078324,86.55534639055328,-15.776361234062144,-16.60476342919838
2002-01-02,15.247654001305685,85.17084346378593,-17.136468641373465,-18.39335719522233
2002-01-03,13.47831363701371,84.40241900747391,-16.83515710216463,-16.96501473973827
2002-01-04,14.508148681677255,84.97784447321754,-18.067716809638068,-17.839058362886398
2002-01-05,15.374646038960517,85.14038487759879,-16.331163659232928,-19.159591440412058
2002-01-06,16.648411130366654,85.39898717806024,-14.492687343141125,-21.375577905225384
2002-01-07,16.147409663075877,85.74537633198238,-13.831026957613485,-21.006736390970573
2002-01-08,15.514721497289745,84.88083251330872,-14.639491722835995,-21.223220171299417
2002-01-09,14.557135348404927,84.13718997819274,-14.41885224041441,-21.166526080496574
2002-01-10,14.636201576078445,83.74365482906087,-14.308799001014405,-21.410067306858988
2002-01-11,14.631789843468939,83.70979612781461,-15.314387097801598,-22.05569054201522
2002-01-12,15.113316355095389,84.30778843043923,-16.542090972523813,-22.108648429773844
2002-01-13,15.476122622075186,86.743741439042,-16.613706648381562,-20.528646413996942
2002-01-14,14.80508619961442,86.90769642325942,-15.91344232436567,-19.272045874334875
2002-01-15,14.41973341591741,87.62599923792136,-14.717809155016866,-18.949851744404587
2002-01-16,16.219779093594955,88.12593926212004,-15.495717899277306,-17.82725078519082
2002-01-17,16.25252807967717,87.57515454408865,-16.087699018384367,-15.352303829325649
2002-01-18,16.09667560985268,88.27998445255498,-15.512986180680931,-15.636355085612646
2002-01-19,15.844097123304543,88.74401205577594,-15.195108952899592,-14.19489767861547
2002-01-20,17.65676579874946,87.4125130786042,-14.84195335472739,-13.881941256947979
2002-01-21,18.073528285829465,86.77388481037703,-15.840734205057744,-14.458100527255151
2002-01-22,17.976296059485808,85.73186101305576,-16.28121941543434,-13.715285799310728
2002-01-23,17.02563121269569,86.11607993952168,-17.019061220833027,-14.419068141059766
2002-01-24,17.829182111026448,84.21770303082718,-17.472581005442013,-13.584243029368343
2002-01-25,17.93150872637289,83.82223387220962,-17.264475004679056,-12.175675597123758
2002-01-26,16.359212826014307,84.34726744393905,-17.405608815678356,-11.215026262704852
2002-01-27,15.005154955972923,84.220673922764,-18.516852086205244,-11.735360529941417
2002-01-28,14.761643287567951,86.32549439860388,-17.893279755828782,-10.400831200178342
2002-01-29,12.620380049000422,86.02768107473555,-17.41978035699267,-9.48249584735985
2002-01-30,11.814357026822611,84.67414678606954,-17.870063724117013,-9.280605604534582
2002-01-31,11.276342280739058,85.0421832942084,-17.312541624413317,-10.210258586974986
2002-02-01,11.333283135821015,85.00697371505065,-18.06010417790422,-10.084154659983833
2002-02-02,11.48277989082955,84.66518884648212,-20.257800160934046,-9.679069800041804
2002-02-03,11.053924523152045,86.36868961168967,-19.40182668365286,-11.135486915067274
2002-02-04,12.739808154133081,85.81396978255142,-20.59963491034446,-11.60330844664114
2002-02-05,15.146000918755245,85.64512571709305,-20.716464833296335,-11.725607970597506
2002-02-06,17.710691133690702,86.73661896583903,-20.592378442666437,-11.34478931574783
2002-02-07,19.070665200363397,86.87055340130095,-17.52477988360524,-11.468971228465128
2002-02-08,18.700944076207925,86.95688588302528,-17.103807625599547,-11.036975485964753
2002-02-09,18.493575014902152,86.42203304746405,-15.952342144985671,-12.619652822105941
2002-02-10,19.10922894355091,86.78478157408838,-17.352428601796902,-12.206601916674002
2002-02-11,17.467027613620523,87.46811440384326,-16.990709777517328,-12.30948865838633
2002-02-12,18.907584160413723,88.3708682487337,-15.597725931327293,-11.7821199506169
2002-02-13,18.23332958141195,88.40183297122086,-14.887660018977428,-10.110515377533117
2002-02-14,17.40837479979993,86.95812254216882,-14.844461842293082,-9.378862952529616
2002-02-15,18.73507195376817,86.43781350687667,-14.84229550505562,-9.313671189346655
2002-02-16,18.539355751012952,86.53203295461317,-14.520809776591086,-8.365850546353448
2002-02-17,20.293205564504866,84.93967117552482,-12.751403773773285,-6.919572869615484
2002-02-18,20.10731389820436,83.99491119420448,-14.08245101638667,-7.592440526087761
2002-02-19,19.408452391216322,82.54830525984083,-14.134589035815917,-7.393144331336508
2002-02-20,18.354372142819145,82.28313128412212,-13.337852281337165,-5.815218937500743
2002-02-21,19.089687063486195,80.83033699017848,-13.931362641273536,-6.827415994695213
2002-02-22,19.875052980340456,80.85864038634588,-14.302075962346043,-7.21657634125253
2002-02-23,20.178112451051085,81.1378786688498,-14.352576237017985,-7.286588307709578
2002-02-24,21.293235251296363,81.22343381718925,-12.936296960868077,-5.115322957702989
2002-02-25,21.37595150538175,82.51014915695056,-12.73638396869104,-5.157461515267514
2002-02-26,19.722287081913286,83.87550474606508,-12.413274234753997,-4.908571122067903
2002-02-27,19.0207646278934,83.03907609839148,-12.924349237847222,-5.146348180374966
2002-02-28,17.860606655525256,83.00306904254988,-12.51687810666447,-5.396460843538268
2002-03-01,17.162215142515933,83.36324912035,-11.374941059701085,-3.7610491631815326
2002-03-02,19.766482307743587,82.96485541437455,-11.000609181885233,-4.385589458734625
2002-03-03,17.83596526417388,82.92265350735236,-9.649313451692068,-4.836891744242914
2002-03-04,20.047550607320964,81.7143543961116,-10.220375884129073,-4.532523056771725
2002-03-05,20.11380383054544,81.73736390520475,-9.847643446544561,-6.047636738915838
2002-03-06,21.56248810217597,80.25929944936328,-9.933596456299316,-5.847550293330233
2002-03-07,23.263794901430014,79.48000943868409,-9.905026282308471,-5.818849933179087
2002-03-08,22.91774402144876,79.00834962421379,-10.409779344448934,-6.054900989250897
2002-03-09,23.13555129702074,78.17177935679833,-10.311018894422327,-6.121021793729594
2002-03-10,21.447213524589273,76.51670698825869,-10.757167023824646,-6.508085602244728
2002-03-11,23.044411747904494,76.75288597513571,-11.520194208932544,-5.16363337300799
2002-03-12,24.351830545492746,77.69665124152195,-11.318303103205087,-3.844553562304044
2002-03-13,22.883518877046,76.31722368172008,-12.562473099969164,-2.0499870228072403
2002-03-14,22.642119712720753,77.38496690105467,-12.10715575563037,-3.2340572810952866
2002-03-15,23.297332760401048,76.88592576508987,-10.850605651704527,-3.371028274052709
2002-03-16,24.732516558771156,77.66374911701674,-13.038293034711247,-4.934031621724145
2002-03-17,26.748970507871057,76.59670028968976,-13.110828951533701,-4.3261959825380165
2002-03-18,26.71913989350268,76.72796976651014,-12.03269902934982,-2.9640317682882706
2002-03-19,26.652282458580906,77.19961122108674,-11.788788716421022,-2.290917586053726
2002-03-20,25.59682336853043,76.08719177808412,-12.545102058040065,-1.6403256685910637
2002-03-21,26.339201293460743,76.50441654636431,-12.480047389666554,-2.396886141053935
2002-03-22,27.022705551644233,76.49042425000688,-10.977564197447977,-1.164066970271492
2002-03-23,28.516895437455634,75.86926335117934,-10.586827248697748,-1.6991235418497133
2002-03-24,28.398015428594274,78.00790814850087,-8.94882758910048,-2.482761341574963
2002-03-25,29.366925754311914,77.81213417359223,-9.489144616139521,-2.66589781872033
2002-03-26,30.339925305316257,78.20748752033414,-7.773979933167314,-4.204469119459032
2002-03-27,30.66373696459988,77.39711648535449,-6.26192706225685,-4.876064725157385
2002-03-28,31.42519302457337,76.87146959805412,-4.507576020993717,-4.969084422356729
2002-03-29,32.021431913655405,76.61509028420731,-3.5816150071805266,-4.622580105743117
2002-03-30,31.64636643645011,76.88489879088056,-3.7136696135077174,-4.967812450561697
2002-03-31,32.185323965641544,76.98531057223423,-3.7411375835759273,-4.377426928286043
2002-04-01,33.22736047724116,76.54311226355937,-3.083352816808605,-5.39072977580895
2002-04-02,34.29686918423538,75.9655402895051,-4.353642353805164,-4.133484728632641
2002-04-03,35.009114177927614,75.93224962524953,-4.660205459808732,-4.259402033943636
2002-04-04,34.323909457180214,74.99158173601022,-4.792084582632313,-4.058085312585992
2002-04-05,32.988799380511914,75.498046913266,-3.7152119301428845,-4.2736090453218365
2002-04-06,32.28506201576623,75.25142402890619,-3.6354318275416344,-4.599661731084596
2002-04-07,32.13308906715097,74.1122833131117,-4.353257257409746,-6.134519678109433
2002-04-08,32.34598222456931,72.21850672254607,-5.782167937353298,-6.028059619633471
2002-04-09,31.180403881157503,72.16357149350657,-6.387510918121841,-6.647328742900449
2002-04-10,30.05881473810571,72.04803544914334,-7.315505954547483,-6.687123530039902
2002-04-11,29.0717197454968,71.46729203952872,-8.47656302893239,-6.7938400144144255
2002-04-12,29.703135016217068,70.35655615825317,-7.932692609714136,-5.786258896430534
2002-04-13,31.457882262240968,69.60044983074067,-9.474301363137624,-5.769323588067377
2002-04-14,31.44490102600842,68.92239703186259,-11.071094380545569,-6.962097789644064
2002-04-15,30.793846523024474,67.92571517802892,-12.042045715757574,-6.2210465651488125
2002-04-16,30.365202302635172,68.18005309021032,-13.308210562150006,-6.354468936955061
2002-04-17,30.04083777357068,68.64695833915741,-14.501777793257721,-7.622507723347847
2002-04-18,29.550157543939438,68.64160139639193,-15.191276544823385,-7.399513398702966
2002-04-19,29.543624655210955,69.53700833394194,-15.940609157119864,-8.285243534694205
2002-04-20,30.549579959508502,68.68637289824449,-17.317667377237104,-9.263736667489548
2002-04-21,31.026996612119696,67.16386823921262,-19.48388578042109,-7.569453600002618
2002-04-22,30.700403650133232,68.26776532313791,-19.973945189600315,-6.607016807646489
2002-04-23,32.112821034812505,68.27195288672408,-18.939073480535747,-6.895811091032341
2002-04-24,32.83401595171919,66.40496549628625,-19.432620541746427,-6.944391333131091
2002-04-25,33.63605855493877,66.54486993443126,-18.6666648682212,-7.264749409408346
2002-04-26,33.33128624810582,67.12731977579394,-18.50981225122986,-6.1956758936002005
2002-04-27,33.451938727071614,66.48330822522173,-18.435516972560205,-6.321157216419789
2002-04-28,34.59555746248885,68.03309741223222,-17.561378634995894,-4.232175436263326
2002-04-29,34.7864448873039,67.79425407089543,-16.92019500320332,-4.382470753783103
2002-04-30,36.63329197745646,66.47600408330999,-16.004866842271056,-3.950149487708355
2002-05-01,36.53369226134451,66.34694873759776,-15.059376364971646,-2.9787914919967617
2002-05-02,36.57622836221379,64.50888113960711,-16.69370184481258,-3.0602586445740214
2002-05-03,36.726315266084725,64.62683469925149,-18.01863923447864,-3.6266256198762257
2002-05-04,35.122696788922546,64.17183128378645,-18.8422704816999,-4.959780625647681
2002-05-05,35.01835748236387,63.676780968203765,-19.050543987963962,-3.958235725770627
2002-05-06,35.387234246419524,63.01675119430555,-18.895546789799457,-3.1721649997479453
2002-05-07,33.788572331340404,62.435163674849,-19.705398823326995,-2.935129108130073
2002-05-08,34.033336602224175,63.846174832090476,-20.665334162854993,-4.25993032785681
2002-05-09,35.371551411288046,63.0773651177567,-21.74308155195205,-4.302417548749031
2002-05-10,33.968395451692494,62.464101175820616,-22.02306239667003,-4.620241959355335
2002-05-11,34.39205513127903,61.93554442841703,-22.563287131969368,-2.8515216127707963
2002-05-12,35.37360780555485,59.906322086924725,-23.60335316460756,-2.919717919275583
2002-05-13,35.34293430828119,61.52700387345377,-24.545183568560724,-3.7469539696895593
2002-05-14,35.63642521073476,61.375842577209156,-24.319120512859783,-4.494510810830674
2002-05-15,34.10975097043947,61.33352847521348,-24.072261544732232,-6.972751017231817
2002-05-16,32.19542143777326,63.38998799661033,-22.13434494174024,-6.5940332960127845
2002-05-17,31.431511318989127,63.12534769386629,-20.410087267035458,-6.022708695806046
2002-05-18,30.397151344999752,63.6815932048451,-19.134369508129133,-5.4694023977855935
2002-05-19,29.60237670734021,63.204567452857255,-17.663199030022874,-5.615023571322542
2002-05-20,28.204749214497582,63.15317082172058,-17.1586954781026,-5.387728027123311
2002-05-21,30.182381463508715,62.437596689558774,-17.101976617249395,-3.9707773956513437
2002-05-22,30.592013823600627,62.806568556891214,-15.926093415587676,-3.8047933486640044
2002-05-23,29.10519569819182,63.353501978608016,-14.673480145944477,-4.5403392087489625
2002-05-24,29.552224755330943,63.28807098813213,-14.319959803263218,-3.6726957572633347
2002-05-25,30.360229381310088,64.90442610338708,-13.206209734209645,-5.157390294327116
2002-05-26,29.339836930245927,63.5535257611668,-14.1831192723923,-3.1644355959586394
2002-05-27,28.2086698162048,63.570252663038495,-13.6460973923595,-5.273819446534187
2002-05-28,27.97648848514689,63.14963432331229,-14.623180411602718,-4.472181252894458
2002-05-29,28.625552169404134,62.82808482899158,-13.70973075849621,-5.012446920647927
2002-05-30,29.48429715381059,61.154640527526034,-12.335123772339763,-6.012839410627084
2002-05-31,30.922253771971995,60.754514560200015,-15.370139351771309,-5.330313544176341
2002-06-01,30.287296339561923,60.015683263165414,-14.866301400381422,-4.983027335706207
2002-06-02,31.55192886585246,58.67809719743934,-14.524303916954365,-4.10876582937717
2002-06-03,30.73603615613739,58.86281885299658,-14.635902754639464,-4.692799439988246
2002-06-04,29.80513738024823,59.304759657669464,-15.369015511909655,-6.269679572536328
2002-06-05,32.106938813115335,58.90662881154042,-16.565342252032178,-5.176010589128897
2002-06-06,31.76885401103623,59.884045872178454,-16.441141915614754,-2.732138976867688
2002-06-07,30.839246613029662,60.973665947766065,-16.50681149580038,-1.6520754255735117
2002-06-08,31.05553723481505,61.72081939609245,-17.22195668646548,-1.3007148263335728
2002-06-09,31.4507386334299,61.417713323606286,-19.033137602247947,-3.1320946807467003
2002-06-10,32.93277709150082,62.07753876792387,-20.649666450279447,-3.575251857674303
2002-06-11,31.326092966871627,62.279165096870926,-19.790651504794422,-4.389346121825892
2002-06-12,30.505499889833196,63.194360276605074,-19.494497111012944,-5.019407063011557
2002-06-13,30.610553480474262,62.86026179748339,-19.8416919103266,-3.997973843257417
2002-06-14,30.7119696503738,60.92620166416052,-19.812250316093664,-4.6933565482056645
2002-06-15,30.821027152789124,61.88782903280174,-22.068341242364713,-4.45924665242237
2002-06-16,28.23409618647197,62.67608356415055,-21.73933207769208,-4.178083349016993
2002-06-17,28.351434202524178,61.99583337356013,-22.345345795978986,-3.2682237776823997
2002-06-18,27.786172936859103,63.13973406344082,-21.374767707590365,-2.675086583305023
2002-06-19,28.474311376638617,63.751705838038674,-22.851183304448238,-1.7660372885033109
2002-06-20,27.070646480274608,63.674635676417,-22.200343066853584,-5.052128675338323
2002-06-21,27.16477573199518,62.651647130841795,-23.795349932344767,-5.49960862535024
2002-06-22,25.471709485627905,61.391781143395114,-23.960684520809927,-4.919311132391249
2002-06-23,25.39104870056691,60.98810888533593,-24.58116131278494,-4.692917077856189
2002-06-24,26.626102949692335,61.06060992336869,-25.88494190203225,-4.544849804958691
2002-06-25,27.44051928912389,60.788065162865855,-24.377392223501264,-1.7940208334930547
2002-06-26,27.405604086192458,62.40456378576012,-23.90727675052897,-0.6130621741064324
2002-06-27,26.565879259268414,62.01897862649259,-23.081437772699413,-0.9528874563350866
2002-06-28,25.514419332252636,60.669962546588565,-23.072401848823265,-1.6025657536701354
2002-06-29,25.47109429406501,62.56641673963108,-23.52905268194066,-1.4598879733589676
2002-06-30,24.904771538469017,61.897062466492166,-23.507301799324374,-1.2266103663680101
2002-07-01,24.293650485417224,62.67023137733398,-21.683989370099873,-2.57431702502934
2002-07-02,23.75737208398127,61.59835672586961,-21.240776150095215,-1.7008734369831138
2002-07-03,22.83735459792433,62.30360452635477,-21.26124118849981,-2.1799664138965547
2002-07-04,21.759576559489577,63.67269755691873,-21.89250610206276,-2.0576661671422993
2002-07-05,22.14413773755271,63.77599460584952,-22.102233724232633,-1.0864946094531163
2002-07-06,22.846280044339643,63.24404803277708,-23.62577618439815,-0.5068808740198127
2002-07-07,21.989590099075386,63.57225508749296,-23.22116699056044,-1.9130847626617313
2002-07-08,21.631461672678277,64.67936261265503,-22.8793733433127,-2.0041814914944505
2002-07-09,22.551681643744597,64.13577418564392,-25.553444748362136,-0.9386735908332606
2002-07-10,22.73483902275135,65.94944053228427,-25.743396762976058,0.09339868635041304
2002-07-11,21.46698888245134,65.38891507841171,-25.449493437459772,0.8034110168110563
2002-07-12,22.554121602353792,66.99414422652491,-25.50468315180747,-0.008355706775294736
2002-07-13,23.00427561636202,65.32518747391705,-25.28041837717736,-1.9926436154873515
2002-07-14,23.418311515004856,65.59304656160222,-24.508861822130243,0.15239178494016903
2002-07-15,22.797784244826428,64.8115424992571,-24.637294597639755,0.253318587530063
2002-07-16,23.93306281008169,65.89945746614546,-25.896434846000528,2.2536453257253592
2002-07-17,24.892787474538068,66.40666927755443,-24.67541130523637,1.6712347171598112
2002-07-18,24.93790599056434,66.3753275150181,-23.39959296846977,3.159249547923287
2002-07-19,23.443892177339126,65.9446095112496,-23.539433226354483,3.5547119446465776
2002-07-20,23.63388440946208,64.29387158336826,-25.12605659869632,4.103846083344983
2002-07-21,24.29096615038462,65.7174185200767,-24.599560534206205,3.41958061460282
2002-07-22,23.975761524695272,65.49567008591552,-24.372246207463313,3.04160919307875
2002-07-23,24.069717722589697,65.89516019601666,-25.780189006489067,0.9728466955488431
2002-07-24,21.139801971528673,66.17643864960614,-25.009687979797363,3.003454930157662
2002-07-25,21.62130457651117,66.02014528940633,-24.516366760977736,2.546524871830682
2002-07-26,21.941260322997685,64.97788895324055,-24.989254413977196,2.327565208151392
2002-07-27,23.61760476240741,63.63574206880466,-24.593047064711673,1.2636056426611093
2002-07-28,23.35021833178488,63.26118565949169,-24.740830793871016,0.5588986926583641
2002-07-29,21.8837603194266,62.43253675878249,-25.32738952531814,1.190282196788845
2002-07-30,21.958326981882863,62.83213138337692,-24.652591973807652,1.2157689055901721
2002-07-31,23.763232491078323,62.73638801602074,-23.766675732581156,0.5063487837646842
2002-08-01,24.0706683666414,62.883039442153404,-24.31181894156345,0.04406621665105376
2002-08-02,23.95178849236537,63.09110897349635,-23.648449502343453,0.3319078895618766
2002-08-03,24.16250238310003,62.985629119911756,-23.201629753925836,1.8049582199980372
2002-08-04,25.204252777129103,64.0669785868766,-23.106693166888444,0.3990099066096806
2002-08-05,25.627548542536044,63.606613663426884,-23.27071128131214,1.4772746268620656
2002-08-06,23.627127143377386,64.02517195193704,-22.671907575815652,1.814055674486914
2002-08-07,22.736695237957797,64.42004873427433,-21.96586516128585,1.355493637959728
2002-08-08,24.91790373722163,62.5571331196732,-22.118061108418328,2.470247070979319
2002-08-09,25.156917943743572,65.01724659674609,-20.69086681012463,2.4145395588207257
2002-08-10,25.3896126105233,65.0993186570487,-20.996441088084723,1.7540320975310073
2002-08-11,26.141451307151804,64.00494287211515,-20.547971994705627,1.2292419880870553
2002-08-12,24.121574741435943,63.60274465547944,-19.107351089674466,0.3159213140784597
2002-08-13,24.877665205980975,65.49875550565652,-19.56911702168894,0.6098520504229497
2002-08-14,25.328167991183275,65.69813022059232,-19.73388135416929,1.0718204930284048
2002-08-15,24.50543735274463,66.18505378291536,-20.307172320334164,1.5409515118246673
2002-08-16,24.455213578866083,67.17769167291782,-20.548322559110368,1.0162121997790903
2002-08-17,24.76071521784888,67.99370060434794,-21.73599312203041,0.16091299171000928
2002-08-18,27.735539140979554,67.55154082912229,-22.04662650660619,1.188315615073729
2002-08-19,28.586940923370726,68.29990593625229,-21.609237484166094,-0.14651354939430328
2002-08-20,31.252573651850483,68.56042477250162,-20.879969312667598,0.3970394923733528
2002-08-21,29.628958415441268,68.16654331025369,-21.434042028405475,0.1700424951181966
2002-08-22,28.78782629620841,68.2601411993289,-21.801070424391657,-0.09167929411921197
2002-08-23,28.784387325098425,68.67826717062982,-20.51239085941217,0.5415587944617629
2002-08-24,31.078601306679833,68.85618295010437,-22.25617431145751,-0.022742386876631326
2002-08-25,32.060574067756185,70.19096409823406,-21.700091516740578,0.45036611250135417
2002-08-26,31.881140103617426,69.08703387703812,-20.828318804636734,1.1396474556269258
2002-08-27,31.384422956543258,69.93951569130398,-19.498636255251306,0.8084990901586953
2002-08-28,31.89280870837484,69.43361426533387,-17.66129529594442,0.1368111832350749
2002-08-29,33.08766042224195,66.89238323595708,-16.424386707812985,1.0495637501155533
2002-08-30,33.1349260183531,67.8423426894303,-16.117868478465393,-0.02315402407755407
2002-08-31,33.73609441002643,68.62385444311899,-16.075469108429512,-0.42329178865660794
2002-09-01,33.99926592032189,69.16088357649011,-17.721877233534038,-0.22597871100844724
2002-09-02,35.19310223880722,69.00278347696172,-17.551918844160163,0.9363976453490297
2002-09-03,35.30451640720362,70.15529484791813,-18.89747114478775,0.9326816592197239
2002-09-04,36.61071070797139,70.04115439997133,-19.76319165506722,0.38307201207972874
2002-09-05,35.0333513853176,71.13144229935625,-20.75452710563705,-0.538165930377094
2002-09-06,33.723228968957315,70.01035449725416,-20.388754550343,-0.480667707820521
2002-09-07,32.4844053933984,69.60703783050553,-20.682219702399404,0.5048560970649936
2002-09-08,32.14829033090458,68.6464755073975,-21.40638125194523,-0.08819527383006609
2002-09-09,32.233976381836285,67.82938433681082,-20.703538259393305,-0.1869749882073984
2002-09-10,32.80250745970682,67.86661878831859,-18.569655631083528,1.9776437923809063
2002-09-11,31.216339988980955,69.06646987047716,-18.64512876650494,2.2154319440706622
2002-09-12,31.35785514782191,68.81669307288965,-17.636942151941586,3.5949113676008677
2002-09-13,31.052696744760336,70.07156472744346,-17.174800169894933,2.539070069004169
2002-09-14,32.48381467991802,71.13880580437822,-15.701770135007656,2.649815062981332
2002-09-15,32.56685666139967,71.47442874566107,-15.985648807117771,1.8572222649036365
2002-09-16,34.03832166570967,70.45014822195083,-16.013060486448566,2.0366627392526224
2002-09-17,34.640044978816036,70.95565898300795,-16.754072529669465,1.3691195969149659
2002-09-18,32.74030940934706,71.61568423092172,-16.7787682392078,2.3100225116168316
2002-09-19,32.144430867309396,71.52872747453277,-15.58028434125358,2.0692959162634676
2002-09-20,31.014602969886464,70.86646866471048,-15.736200187031468,4.127783315418068
2002-09-21,30.878302405778502,71.04124707180885,-16.861556021203523,4.422946759849101
2002-09-22,30.62706078842124,70.22896604381866,-17.310339705947772,4.20516638326855
2002-09-23,31.008639436179365,70.35864981953304,-18.364947813270128,4.3455909990342425
2002-09-24,33.31885435947475,70.298970087445,-18.707797804373467,6.036472995662615
2002-09-25,32.91501830391804,71.00913970664513,-17.769077318473535,6.510389889222711
2002-09-26,33.844036780765585,71.95907782535039,-15.927854737881079,7.418167410468844
